Title,Surname,FName,Campus,Extension,Contact,Email
DR,Mc Loughlin,Ian,Galway,2891,+353(0)91742891,IanMcLoughlin@gmit.ie
MR,Costello,Damien,Galway,2373,+353(0)91742373,DamienCostello@gmit.ie
MS,O'Donovan,Deirdre,Galway,2142,+353(0)91742142,DeirdreODonovan@gmit.ie
MR,Hynes,Martin ,Galway,2215,+353(0)91742215,MartinHynes@gmit.ie
DR,Healy,John,Galway,2604,+353(0)91742604,JohnHealy@gmit.ie
MR,Harrison,Gerard,Galway,2243,+353(0)91742243,GerardHarrison@gmit.ie
MS,Regan-Hurley,Naomi,Galway,2398,+353(0)91742398,NaomiReganHurley@gmit.ie